trail_id,trail_name,park_name,location,difficulty,distance_km,estimated_time_hours,elevation_gain_m,rating,scenery_types,facilities,trail_type,description,alltrails_url
BC_001,Stanley Park Seawall,Stanley Park,"Vancouver, BC",Easy,8.9,2.5,50,4.5,"Ocean views, City skyline, Parks","Restrooms, Parking, Food vendors",Loop,"A paved pathway around Stanley Park offering stunning ocean and city views. Perfect for walking, jogging, or cycling.",https://www.alltrails.com/trail/canada/british-columbia/stanley-park-seawall
BC_002,Coal Harbour Via Stanley Park Seawall,Stanley Park,"Vancouver, BC",Easy,6.2,1.8,30,4.4,"Ocean views, City skyline","Restrooms, Parking",Out & Back,"A scenic walk along the waterfront from Coal Harbour through Stanley Park with views of the harbor and North Shore mountains.",https://www.alltrails.com/trail/canada/british-columbia/coal-harbour-via-stanley-park-seawall
BC_003,Stanley Park Inner Loop,Stanley Park,"Vancouver, BC",Easy,5.5,1.5,45,4.2,"Forest, Parks","Restrooms, Parking",Loop,"An interior loop trail through Stanley Park's forested areas, offering a peaceful escape from the busy seawall.",https://www.alltrails.com/trail/canada/british-columbia/stanley-park-inner-loop
BC_004,Sunset Beach to Second Beach,Stanley Park,"Vancouver, BC",Easy,2.1,0.7,10,4.3,"Ocean views, Beach","Restrooms, Parking",Out & Back,"A short coastal walk connecting two popular beaches in Stanley Park with beautiful sunset views.",https://www.alltrails.com/trail/canada/british-columbia/sunset-beach-to-second-beach
BC_005,Beaver Lake Loop,Stanley Park,"Vancouver, BC",Easy,1.8,0.5,15,4.1,"Lake, Forest","Restrooms, Parking",Loop,"A peaceful loop around Beaver Lake in Stanley Park, perfect for bird watching and nature photography.",https://www.alltrails.com/trail/canada/british-columbia/beaver-lake-loop
BC_006,Lost Lagoon Loop,Stanley Park,"Vancouver, BC",Easy,1.2,0.3,5,4.0,"Lake, City skyline","Restrooms, Parking",Loop,"A short loop around Lost Lagoon with views of the city skyline and opportunities for bird watching.",https://www.alltrails.com/trail/canada/british-columbia/lost-lagoon-loop
BC_007,Queen Elizabeth Park Circuit,Queen Elizabeth Park,"Vancouver, BC",Easy,2.8,1.0,75,4.2,"City views, Gardens","Restrooms, Parking, Cafe",Loop,"A circuit through Queen Elizabeth Park featuring beautiful gardens, city views, and the iconic Bloedel Conservatory.",https://www.alltrails.com/trail/canada/british-columbia/queen-elizabeth-park-circuit
BC_008,VanDusen Botanical Garden,VanDusen Botanical Garden,"Vancouver, BC",Easy,3.2,1.5,20,4.4,"Gardens, Lake","Restrooms, Parking, Cafe",Loop,"A leisurely walk through one of Vancouver's premier botanical gardens featuring diverse plant collections and peaceful paths.",https://www.alltrails.com/trail/canada/british-columbia/vandusen-botanical-garden
BC_009,Spanish Banks Beach Walk,Spanish Banks,"Vancouver, BC",Easy,4.5,1.2,5,4.1,"Beach, Ocean views","Restrooms, Parking",Out & Back,"A flat beach walk along Spanish Banks with views of English Bay and the North Shore mountains.",https://www.alltrails.com/trail/canada/british-columbia/spanish-banks-beach-walk
BC_010,Jericho Beach to Kitsilano Beach,Jericho Beach,"Vancouver, BC",Easy,3.7,1.0,10,4.0,"Beach, Ocean views","Restrooms, Parking",Out & Back,"A coastal walk connecting two popular Vancouver beaches with views of English Bay and downtown skyline.",https://www.alltrails.com/trail/canada/british-columbia/jericho-beach-to-kitsilano-beach
BC_011,UBC Endowment Lands,UBC Endowment Lands,"Vancouver, BC",Easy,4.8,1.5,60,4.3,"Forest, Creek","Parking",Loop,"A network of trails through second-growth forest near UBC campus, offering peaceful forest walks and creek views.",https://www.alltrails.com/trail/canada/british-columbia/ubc-endowment-lands
BC_012,Pacific Spirit Park,Pacific Spirit Park,"Vancouver, BC",Easy,5.2,1.8,80,4.2,"Forest, Creek","Parking",Loop,"An extensive trail network through Pacific Spirit Park with diverse forest ecosystems and creek crossings.",https://www.alltrails.com/trail/canada/british-columbia/pacific-spirit-park
BC_013,Capilano River Trail,Capilano River Regional Park,"North Vancouver, BC",Easy,3.6,1.2,40,4.4,"River, Forest","Restrooms, Parking",Out & Back,"A flat riverside trail along the Capilano River with opportunities for salmon viewing and forest bathing.",https://www.alltrails.com/trail/canada/british-columbia/capilano-river-trail
BC_014,Cleveland Dam,Capilano River Regional Park,"North Vancouver, BC",Easy,2.4,0.8,25,4.1,"Lake, Dam, Mountains","Restrooms, Parking",Out & Back,"A short walk to Cleveland Dam with views of Capilano Lake and the surrounding mountains.",https://www.alltrails.com/trail/canada/british-columbia/cleveland-dam
BC_015,Capilano Suspension Bridge Park,Capilano Suspension Bridge Park,"North Vancouver, BC",Easy,2.0,1.0,50,4.5,"Bridge, Forest, River","Restrooms, Parking, Cafe",Loop,"A tourist attraction featuring the famous suspension bridge, treetop walks, and cliff walks through temperate rainforest.",https://www.alltrails.com/trail/canada/british-columbia/capilano-suspension-bridge-park
BC_016,Lynn Canyon Park,Lynn Canyon Park,"North Vancouver, BC",Easy,2.8,1.2,80,4.3,"Canyon, Creek, Bridge","Restrooms, Parking",Loop,"A network of trails through Lynn Canyon featuring a free suspension bridge, waterfalls, and canyon views.",https://www.alltrails.com/trail/canada/british-columbia/lynn-canyon-park
BC_017,Twin Falls Trail,Lynn Canyon Park,"North Vancouver, BC",Moderate,3.4,1.5,120,4.4,"Waterfalls, Forest","Restrooms, Parking",Out & Back,"A moderate hike to Twin Falls through old-growth forest with creek crossings and beautiful waterfall views.",https://www.alltrails.com/trail/canada/british-columbia/twin-falls-trail
BC_018,Baden Powell Trail - Lynn Canyon,Lynn Canyon Park,"North Vancouver, BC",Moderate,5.2,2.0,180,4.2,"Forest, Creek","Parking",Point-to-Point,"A section of the Baden Powell Trail through Lynn Canyon with forest views and creek crossings.",https://www.alltrails.com/trail/canada/british-columbia/baden-powell-trail-lynn-canyon
BC_019,Mosquito Creek Trail,Mosquito Creek Park,"North Vancouver, BC",Easy,2.6,1.0,50,4.0,"Creek, Forest","Parking",Out & Back,"A gentle trail following Mosquito Creek through forest with opportunities for nature observation.",https://www.alltrails.com/trail/canada/british-columbia/mosquito-creek-trail
BC_020,Mahon Park,Mahon Park,"North Vancouver, BC",Easy,1.8,0.6,20,3.9,"Park, Creek","Restrooms, Parking",Loop,"A short loop through Mahon Park with creek views and playground facilities.",https://www.alltrails.com/trail/canada/british-columbia/mahon-park
BC_021,Grouse Grind,Grouse Mountain,"North Vancouver, BC",Hard,2.9,1.5,850,4.1,"Mountain views, Forest","Restrooms, Parking",Out & Back,"Vancouver's most famous and challenging urban hike, known as 'Nature's Stairmaster' with steep elevation gain.",https://www.alltrails.com/trail/canada/british-columbia/grouse-grind
BC_022,Grouse Mountain Via BCMC Trail,Grouse Mountain,"North Vancouver, BC",Hard,5.4,3.0,1200,4.3,"Mountain views, Forest","Parking",Out & Back,"A challenging alternative route to Grouse Mountain with sustained steep climbing and rewarding summit views.",https://www.alltrails.com/trail/canada/british-columbia/grouse-mountain-via-bcmc-trail
BC_023,Grouse Mountain Skyride,Grouse Mountain,"North Vancouver, BC",Easy,1.5,0.5,30,4.4,"Mountain views, Alpine","Restrooms, Parking, Cafe",Loop,"Accessible mountain top trails reached by skyride, featuring alpine walks and spectacular city views.",https://www.alltrails.com/trail/canada/british-columbia/grouse-mountain-skyride
BC_024,Crown Mountain,Grouse Mountain,"North Vancouver, BC",Hard,8.2,5.0,1400,4.5,"Mountain views, Alpine","Parking",Out & Back,"A challenging extension from Grouse Mountain to Crown Mountain with exposed alpine terrain and panoramic views.",https://www.alltrails.com/trail/canada/british-columbia/crown-mountain
BC_025,Goat Mountain,Grouse Mountain,"North Vancouver, BC",Hard,6.8,4.0,1200,4.4,"Mountain views, Alpine","Parking",Out & Back,"A strenuous hike to Goat Mountain with alpine meadows and stunning views of the North Shore mountains.",https://www.alltrails.com/trail/canada/british-columbia/goat-mountain
BC_026,Dam Mountain,Grouse Mountain,"North Vancouver, BC",Hard,7.5,4.5,1350,4.3,"Mountain views, Alpine","Parking",Out & Back,"A challenging hike to Dam Mountain with alpine terrain and panoramic views of the surrounding peaks.",https://www.alltrails.com/trail/canada/british-columbia/dam-mountain
BC_027,Quarry Rock,Deep Cove,"North Vancouver, BC",Easy,3.8,1.2,100,4.6,"Ocean views, Forest","Restrooms, Parking",Out & Back,"A popular short hike to a scenic viewpoint overlooking Deep Cove and Indian Arm with Instagram-worthy views.",https://www.alltrails.com/trail/canada/british-columbia/quarry-rock
BC_028,Deep Cove to Jug Island,Deep Cove,"North Vancouver, BC",Easy,4.2,1.5,50,4.2,"Ocean views, Island","Restrooms, Parking",Out & Back,"A waterfront walk to a small island accessible at low tide with views of Deep Cove and surrounding mountains.",https://www.alltrails.com/trail/canada/british-columbia/deep-cove-to-jug-island
BC_029,Baden Powell Trail - Deep Cove,Deep Cove,"North Vancouver, BC",Moderate,6.8,2.5,200,4.1,"Forest, Creek","Parking",Point-to-Point,"A section of the Baden Powell Trail from Deep Cove through forest with creek crossings and mountain views.",https://www.alltrails.com/trail/canada/british-columbia/baden-powell-trail-deep-cove
BC_030,Seymour River,Seymour River,"North Vancouver, BC",Easy,4.5,1.5,30,4.2,"River, Forest","Restrooms, Parking",Out & Back,"A flat riverside trail along the Seymour River with opportunities for salmon viewing and peaceful forest walks.",https://www.alltrails.com/trail/canada/british-columbia/seymour-river
BC_031,Rice Lake Loop,Seymour River,"North Vancouver, BC",Easy,2.4,0.8,20,4.3,"Lake, Forest","Restrooms, Parking",Loop,"An accessible loop trail around Rice Lake with boardwalks, bird watching opportunities, and forest views.",https://www.alltrails.com/trail/canada/british-columbia/rice-lake-loop
BC_032,Mystery Lake,Seymour River,"North Vancouver, BC",Moderate,4.6,2.0,150,4.4,"Lake, Forest","Restrooms, Parking",Out & Back,"A moderate hike to Mystery Lake through forest with a peaceful mountain lake as the destination.",https://www.alltrails.com/trail/canada/british-columbia/mystery-lake
BC_033,Dog Mountain,Seymour River,"North Vancouver, BC",Hard,12.0,6.0,1200,4.5,"Mountain views, Alpine","Restrooms, Parking",Out & Back,"A challenging full-day hike to Dog Mountain with alpine meadows and panoramic views of the Coast Mountains.",https://www.alltrails.com/trail/canada/british-columbia/dog-mountain
BC_034,Mount Seymour,Mount Seymour Provincial Park,"North Vancouver, BC",Moderate,5.8,3.0,400,4.4,"Mountain views, Alpine","Restrooms, Parking",Out & Back,"A popular moderate hike to Mount Seymour with alpine terrain and excellent views of the surrounding peaks.",https://www.alltrails.com/trail/canada/british-columbia/mount-seymour
BC_035,Dinkey Peak,Mount Seymour Provincial Park,"North Vancouver, BC",Hard,8.4,4.5,650,4.3,"Mountain views, Alpine","Restrooms, Parking",Out & Back,"A challenging extension beyond Mount Seymour to Dinkey Peak with exposed alpine terrain and panoramic views.",https://www.alltrails.com/trail/canada/british-columbia/dinkey-peak
BC_036,Elsay Lake,Mount Seymour Provincial Park,"North Vancouver, BC",Hard,10.2,5.5,800,4.2,"Lake, Mountain views","Restrooms, Parking",Out & Back,"A strenuous hike to a beautiful alpine lake with challenging terrain and rewarding mountain lake views.",https://www.alltrails.com/trail/canada/british-columbia/elsay-lake
BC_037,Goldie Lake,Mount Seymour Provincial Park,"North Vancouver, BC",Moderate,4.8,2.5,200,4.1,"Lake, Forest","Restrooms, Parking",Out & Back,"A moderate hike to Goldie Lake through forest with a peaceful mountain lake destination.",https://www.alltrails.com/trail/canada/british-columbia/goldie-lake
BC_038,First Lake,Mount Seymour Provincial Park,"North Vancouver, BC",Easy,3.2,1.5,100,4.0,"Lake, Forest","Restrooms, Parking",Out & Back,"An easy hike to First Lake with forest views and a peaceful mountain lake setting.",https://www.alltrails.com/trail/canada/british-columbia/first-lake
BC_039,Second Lake,Mount Seymour Provincial Park,"North Vancouver, BC",Easy,4.0,2.0,120,4.1,"Lake, Forest","Restrooms, Parking",Out & Back,"An easy to moderate hike to Second Lake with forest trail and mountain lake views.",https://www.alltrails.com/trail/canada/british-columbia/second-lake
BC_040,Third Lake,Mount Seymour Provincial Park,"North Vancouver, BC",Moderate,5.5,2.8,180,4.2,"Lake, Forest","Restrooms, Parking",Out & Back,"A moderate hike to Third Lake through forest with peaceful mountain lake destination.",https://www.alltrails.com/trail/canada/british-columbia/third-lake
BC_041,Burnaby Mountain,Burnaby Mountain Park,"Burnaby, BC",Easy,3.5,1.2,120,4.1,"City views, Forest","Restrooms, Parking",Loop,"A network of trails on Burnaby Mountain with city views, forest walks, and cultural attractions.",https://www.alltrails.com/trail/canada/british-columbia/burnaby-mountain
BC_042,Burnaby Lake,Burnaby Lake Regional Park,"Burnaby, BC",Easy,10.0,3.0,20,4.2,"Lake, Wildlife","Restrooms, Parking",Loop,"A flat loop trail around Burnaby Lake with excellent bird watching opportunities and peaceful lake views.",https://www.alltrails.com/trail/canada/british-columbia/burnaby-lake
BC_043,Deer Lake Park,Deer Lake Park,"Burnaby, BC",Easy,2.8,1.0,15,4.0,"Lake, Park","Restrooms, Parking",Loop,"A short loop around Deer Lake with park facilities, beach access, and peaceful lake views.",https://www.alltrails.com/trail/canada/british-columbia/deer-lake-park
BC_044,Central Park,Central Park,"Burnaby, BC",Easy,2.2,0.8,25,3.9,"Park, Forest","Restrooms, Parking",Loop,"A loop through Central Park featuring forest trails, pitch and putt golf, and urban park amenities.",https://www.alltrails.com/trail/canada/british-columbia/central-park
BC_045,Swangard Stadium to Burnaby Lake,Swangard Stadium,"Burnaby, BC",Easy,4.8,1.5,30,4.0,"Lake, Urban","Parking",Out & Back,"A connecting trail from Swangard Stadium to Burnaby Lake through urban and natural areas.",https://www.alltrails.com/trail/canada/british-columbia/swangard-stadium-to-burnaby-lake
BC_046,Burnaby Village Museum,Burnaby Village Museum,"Burnaby, BC",Easy,1.5,0.5,10,3.8,"Museum, Park","Restrooms, Parking",Loop,"A short walk through Burnaby Village Museum featuring historical buildings and heritage gardens.",https://www.alltrails.com/trail/canada/british-columbia/burnaby-village-museum
BC_047,Minnekhada Regional Park,Minnekhada Regional Park,"Coquitlam, BC",Easy,4.2,1.8,80,4.3,"Lake, Forest, Wildlife","Restrooms, Parking",Loop,"A loop trail through Minnekhada Regional Park with lake views, forest walks, and wildlife viewing opportunities.",https://www.alltrails.com/trail/canada/british-columbia/minnekhada-regional-park
BC_048,Addington Marsh,Minnekhada Regional Park,"Coquitlam, BC",Easy,2.8,1.2,20,4.1,"Marsh, Wildlife","Restrooms, Parking",Loop,"A loop trail through Addington Marsh with excellent bird watching and wildlife viewing opportunities.",https://www.alltrails.com/trail/canada/british-columbia/addington-marsh
BC_049,High Knoll Trail,Minnekhada Regional Park,"Coquitlam, BC",Moderate,3.6,1.8,200,4.2,"Views, Forest","Restrooms, Parking",Out & Back,"A moderate hike to High Knoll with forest views and elevated perspectives of the surrounding area.",https://www.alltrails.com/trail/canada/british-columbia/high-knoll-trail
BC_050,Minnekhada Lodge,Minnekhada Regional Park,"Coquitlam, BC",Easy,1.8,0.8,30,4.0,"Lodge, History","Restrooms, Parking",Out & Back,"A short walk to the historic Minnekhada Lodge with heritage buildings and interpretive displays.",https://www.alltrails.com/trail/canada/british-columbia/minnekhada-lodge
BC_051,Colony Farm Regional Park,Colony Farm Regional Park,"Coquitlam, BC",Easy,5.5,2.0,20,4.1,"River, Meadows","Parking",Loop,"A flat loop trail through Colony Farm Regional Park with river views, meadows, and wildlife viewing.",https://www.alltrails.com/trail/canada/british-columbia/colony-farm-regional-park
BC_052,Pitt River Regional Greenway,Pitt River,"Coquitlam, BC",Easy,6.8,2.5,15,4.0,"River, Meadows","Parking",Out & Back,"A flat greenway trail along the Pitt River with meadow views and mountain backdrop.",https://www.alltrails.com/trail/canada/british-columbia/pitt-river-regional-greenway
BC_053,Traboulay PoCo Trail,Traboulay PoCo Trail,"Port Coquitlam, BC",Easy,25.0,8.0,50,4.2,"River, Urban","Parking",Point-to-Point,"A long urban trail following the Coquitlam River with multiple access points and varied scenery.",https://www.alltrails.com/trail/canada/british-columbia/traboulay-poco-trail
BC_054,Pitt Meadows Dyke,Pitt Meadows,"Pitt Meadows, BC",Easy,8.2,2.5,10,4.1,"River, Meadows, Mountains","Parking",Out & Back,"A flat dyke trail with panoramic views of the Pitt River, mountains, and surrounding meadows.",https://www.alltrails.com/trail/canada/british-columbia/pitt-meadows-dyke
BC_055,UBC Malcolm Knapp Research Forest,Malcolm Knapp Research Forest,"Maple Ridge, BC",Easy,4.5,1.8,60,4.2,"Forest, Creek","Parking",Loop,"A network of trails through research forest with old-growth trees, creeks, and educational opportunities.",https://www.alltrails.com/trail/canada/british-columbia/ubc-malcolm-knapp-research-forest
BC_056,Golden Ears Provincial Park,Golden Ears Provincial Park,"Maple Ridge, BC",Hard,24.0,10.0,1500,4.6,"Mountain views, Lake, Alpine","Restrooms, Parking, Camping",Out & Back,"A challenging full-day or overnight hike to Golden Ears peaks with alpine lakes and spectacular mountain views.",https://www.alltrails.com/trail/canada/british-columbia/golden-ears-provincial-park
BC_057,Alouette Lake,Golden Ears Provincial Park,"Maple Ridge, BC",Easy,3.2,1.2,20,4.3,"Lake, Mountains","Restrooms, Parking, Camping",Out & Back,"An easy walk along Alouette Lake with mountain views and opportunities for swimming and picnicking.",https://www.alltrails.com/trail/canada/british-columbia/alouette-lake
BC_058,Gold Creek Trail,Golden Ears Provincial Park,"Maple Ridge, BC",Moderate,6.8,3.0,300,4.4,"Creek, Forest","Restrooms, Parking, Camping",Out & Back,"A moderate hike along Gold Creek with forest views, creek crossings, and potential for waterfall viewing.",https://www.alltrails.com/trail/canada/british-columbia/gold-creek-trail
BC_059,West Canyon Trail,Golden Ears Provincial Park,"Maple Ridge, BC",Moderate,8.4,4.0,400,4.3,"Canyon, Creek","Restrooms, Parking, Camping",Out & Back,"A moderate hike through West Canyon with creek views, forest scenery, and canyon landscapes.",https://www.alltrails.com/trail/canada/british-columbia/west-canyon-trail
BC_060,Panorama Ridge,Golden Ears Provincial Park,"Maple Ridge, BC",Hard,30.0,12.0,1500,4.7,"Mountain views, Alpine, Glaciers","Restrooms, Parking, Camping",Out & Back,"An extremely challenging hike to Panorama Ridge with alpine terrain and spectacular glacier views.",https://www.alltrails.com/trail/canada/british-columbia/panorama-ridge
BC_061,Garibaldi Lake,Garibaldi Provincial Park,"Whistler, BC",Hard,18.0,8.0,820,4.8,"Lake, Mountain views, Alpine","Restrooms, Parking",Out & Back,"A challenging hike to the stunning turquoise Garibaldi Lake with alpine scenery and mountain views.",https://www.alltrails.com/trail/canada/british-columbia/garibaldi-lake
BC_062,Panorama Ridge via Garibaldi Lake,Garibaldi Provincial Park,"Whistler, BC",Hard,30.0,12.0,1520,4.7,"Mountain views, Alpine, Glaciers","Restrooms, Parking",Out & Back,"An extremely challenging extension from Garibaldi Lake to Panorama Ridge with spectacular alpine and glacier views.",https://www.alltrails.com/trail/canada/british-columbia/panorama-ridge-via-garibaldi-lake
BC_063,Black Tusk,Garibaldi Provincial Park,"Whistler, BC",Hard,29.0,12.0,1600,4.6,"Mountain views, Alpine, Volcanic","Restrooms, Parking",Out & Back,"A challenging hike to the iconic Black Tusk volcanic peak with alpine meadows and panoramic mountain views.",https://www.alltrails.com/trail/canada/british-columbia/black-tusk
BC_064,Helm Creek,Garibaldi Provincial Park,"Whistler, BC",Hard,12.0,6.0,900,4.4,"Creek, Alpine","Restrooms, Parking",Out & Back,"A challenging hike to Helm Creek with alpine terrain and access to higher elevation camping areas.",https://www.alltrails.com/trail/canada/british-columbia/helm-creek
BC_065,Cheakamus Lake,Garibaldi Provincial Park,"Whistler, BC",Easy,6.0,2.0,90,4.5,"Lake, Forest","Restrooms, Parking",Out & Back,"An easy hike to beautiful Cheakamus Lake with forest trail and peaceful lake views.",https://www.alltrails.com/trail/canada/british-columbia/cheakamus-lake
BC_066,Whistler Village Stroll,Whistler Village,"Whistler, BC",Easy,2.5,1.0,50,4.2,"Village, Mountains","Restrooms, Parking, Shops",Loop,"A leisurely stroll through Whistler Village with mountain views, shops, and resort amenities.",https://www.alltrails.com/trail/canada/british-columbia/whistler-village-stroll
BC_067,Valley Trail,Whistler,"Whistler, BC",Easy,40.0,12.0,100,4.3,"Valley, Lakes, Forest","Restrooms, Parking",Point-to-Point,"An extensive paved trail system connecting Whistler's neighborhoods with lakes, forest, and valley views.",https://www.alltrails.com/trail/canada/british-columbia/valley-trail
BC_068,Lost Lake Loop,Whistler,"Whistler, BC",Easy,5.0,1.5,30,4.4,"Lake, Forest","Restrooms, Parking",Loop,"A popular loop around Lost Lake with forest views and opportunities for swimming and relaxation.",https://www.alltrails.com/trail/canada/british-columbia/lost-lake-loop
BC_069,Alpha Lake,Whistler,"Whistler, BC",Easy,2.8,1.0,20,4.1,"Lake, Forest","Parking",Loop,"A short loop around Alpha Lake with forest views and peaceful lake setting.",https://www.alltrails.com/trail/canada/british-columbia/alpha-lake
BC_070,Nita Lake,Whistler,"Whistler, BC",Easy,1.5,0.5,10,4.0,"Lake, Forest","Parking",Loop,"A short loop around Nita Lake with forest views and mountain backdrop.",https://www.alltrails.com/trail/canada/british-columbia/nita-lake
BC_071,Alta Lake,Whistler,"Whistler, BC",Easy,4.2,1.5,25,4.2,"Lake, Forest","Restrooms, Parking",Loop,"A loop around Alta Lake with forest views and opportunities for beach access and swimming.",https://www.alltrails.com/trail/canada/british-columbia/alta-lake
BC_072,Rainbow Lake,Whistler,"Whistler, BC",Easy,3.0,1.2,40,4.3,"Lake, Forest","Parking",Out & Back,"A short hike to Rainbow Lake with forest trail and peaceful mountain lake views.",https://www.alltrails.com/trail/canada/british-columbia/rainbow-lake
BC_073,Whistler Olympic Park,Whistler Olympic Park,"Whistler, BC",Easy,5.5,2.0,100,4.1,"Olympic venues, Forest","Restrooms, Parking",Loop,"A loop through Whistler Olympic Park with Olympic venue views and forest trails.",https://www.alltrails.com/trail/canada/british-columbia/whistler-olympic-park
BC_074,Brandywine Falls,Brandywine Falls Provincial Park,"Whistler, BC",Easy,1.2,0.5,50,4.6,"Waterfall, Forest","Restrooms, Parking",Out & Back,"A short hike to spectacular Brandywine Falls with forest views and powerful waterfall display.",https://www.alltrails.com/trail/canada/british-columbia/brandywine-falls
BC_075,Joffre Lakes,Joffre Lakes Provincial Park,"Pemberton, BC",Moderate,11.0,4.0,400,4.9,"Lakes, Glaciers, Alpine","Restrooms, Parking",Out & Back,"A moderate hike to three stunning turquoise lakes with glacier views and alpine scenery.",https://www.alltrails.com/trail/canada/british-columbia/joffre-lakes
BC_076,Wedgemount Lake,Garibaldi Provincial Park,"Whistler, BC",Hard,14.0,8.0,1200,4.5,"Lake, Glaciers, Alpine","Parking",Out & Back,"A challenging hike to alpine Wedgemount Lake with glacier views and spectacular mountain scenery.",https://www.alltrails.com/trail/canada/british-columbia/wedgemount-lake
BC_077,Elfin Lakes,Garibaldi Provincial Park,"Squamish, BC",Moderate,22.0,8.0,600,4.6,"Lakes, Alpine, Hut","Restrooms, Parking",Out & Back,"A moderate to challenging hike to Elfin Lakes with alpine terrain and backcountry hut accommodation.",https://www.alltrails.com/trail/canada/british-columbia/elfin-lakes
BC_078,Columnar Peak,Garibaldi Provincial Park,"Squamish, BC",Hard,26.0,12.0,1400,4.4,"Mountain views, Alpine","Restrooms, Parking",Out & Back,"A challenging hike to Columnar Peak with alpine terrain and panoramic mountain views.",https://www.alltrails.com/trail/canada/british-columbia/columnar-peak
BC_079,Opal Cone,Garibaldi Provincial Park,"Squamish, BC",Hard,24.0,10.0,1200,4.3,"Alpine, Volcanic","Restrooms, Parking",Out & Back,"A challenging hike to Opal Cone with alpine terrain and volcanic landscape features.",https://www.alltrails.com/trail/canada/british-columbia/opal-cone
BC_080,Mamquam Lake,Garibaldi Provincial Park,"Squamish, BC",Hard,16.0,8.0,800,4.4,"Lake, Alpine","Parking",Out & Back,"A challenging hike to remote Mamquam Lake with alpine setting and mountain views.",https://www.alltrails.com/trail/canada/british-columbia/mamquam-lake
BC_081,Squamish Estuary,Squamish Estuary,"Squamish, BC",Easy,3.5,1.2,10,4.1,"Estuary, Wildlife","Parking",Loop,"A flat loop trail through Squamish Estuary with wildlife viewing and mountain views.",https://www.alltrails.com/trail/canada/british-columbia/squamish-estuary
BC_082,Alice Lake,Alice Lake Provincial Park,"Squamish, BC",Easy,6.0,2.0,50,4.4,"Lake, Forest","Restrooms, Parking, Camping",Loop,"A loop connecting four lakes in Alice Lake Provincial Park with forest trails and lake views.",https://www.alltrails.com/trail/canada/british-columbia/alice-lake
BC_083,Stump Lake,Alice Lake Provincial Park,"Squamish, BC",Easy,1.8,0.8,30,4.2,"Lake, Forest","Restrooms, Parking, Camping",Loop,"A short loop around Stump Lake with forest views and peaceful lake setting.",https://www.alltrails.com/trail/canada/british-columbia/stump-lake
BC_084,Fawn Lake,Alice Lake Provincial Park,"Squamish, BC",Easy,2.4,1.0,40,4.3,"Lake, Forest","Restrooms, Parking, Camping",Out & Back,"A short hike to Fawn Lake with forest trail and mountain lake views.",https://www.alltrails.com/trail/canada/british-columbia/fawn-lake
BC_085,Edith Lake,Alice Lake Provincial Park,"Squamish, BC",Easy,1.5,0.6,20,4.1,"Lake, Forest","Restrooms, Parking, Camping",Out & Back,"A short hike to Edith Lake with forest views and peaceful lake setting.",https://www.alltrails.com/trail/canada/british-columbia/edith-lake
BC_086,The Chief,Stawamus Chief Provincial Park,"Squamish, BC",Hard,5.0,4.0,540,4.7,"Mountain views, Rock","Restrooms, Parking",Out & Back,"A challenging hike up granite cliffs to spectacular summit views of Howe Sound and surrounding mountains.",https://www.alltrails.com/trail/canada/british-columbia/the-chief
BC_087,Second Peak,Stawamus Chief Provincial Park,"Squamish, BC",Hard,6.0,4.5,600,4.6,"Mountain views, Rock","Restrooms, Parking",Out & Back,"A challenging extension to the Second Peak of Stawamus Chief with additional elevation and views.",https://www.alltrails.com/trail/canada/british-columbia/second-peak
BC_088,Third Peak,Stawamus Chief Provincial Park,"Squamish, BC",Hard,7.0,5.0,650,4.5,"Mountain views, Rock","Restrooms, Parking",Out & Back,"A challenging hike to the Third Peak of Stawamus Chief with the most elevation gain and panoramic views.",https://www.alltrails.com/trail/canada/british-columbia/third-peak
BC_089,Sea to Sky Trail,Sea to Sky Trail,"Squamish, BC",Easy,180.0,60.0,2000,4.5,"Ocean, Mountains, Forest","Restrooms, Parking",Point-to-Point,"An extensive multi-day trail from ocean to alpine terrain with diverse scenery and multiple access points.",https://www.alltrails.com/trail/canada/british-columbia/sea-to-sky-trail
BC_090,Shannon Falls,Shannon Falls Provincial Park,"Squamish, BC",Easy,0.5,0.2,30,4.5,"Waterfall, Forest","Restrooms, Parking",Out & Back,"A very short walk to impressive Shannon Falls, one of BC's highest waterfalls.",https://www.alltrails.com/trail/canada/british-columbia/shannon-falls
BC_091,Murrin Provincial Park,Murrin Provincial Park,"Squamish, BC",Easy,2.0,0.8,100,4.2,"Lake, Rock, Views","Restrooms, Parking",Loop,"A short loop around Browning Lake with rock climbing areas and views of Howe Sound.",https://www.alltrails.com/trail/canada/british-columbia/murrin-provincial-park
BC_092,Porteau Cove,Porteau Cove Provincial Park,"Squamish, BC",Easy,1.5,0.5,20,4.1,"Ocean, Diving","Restrooms, Parking, Camping",Out & Back,"A short waterfront walk with ocean views and popular scuba diving site.",https://www.alltrails.com/trail/canada/british-columbia/porteau-cove
BC_093,Britannia Beach,Britannia Beach,"Squamish, BC",Easy,2.0,0.8,30,4.0,"Beach, Mining history","Restrooms, Parking",Out & Back,"A short walk around Britannia Beach with mining history and ocean views.",https://www.alltrails.com/trail/canada/british-columbia/britannia-beach
BC_094,Furry Creek,Furry Creek,"Squamish, BC",Easy,1.8,0.7,50,3.9,"Creek, Forest","Parking",Out & Back,"A short walk along Furry Creek with forest views and creek access.",https://www.alltrails.com/trail/canada/british-columbia/furry-creek
BC_095,Lions Bay,Lions Bay,"West Vancouver, BC",Easy,2.5,1.0,80,4.0,"Ocean, Village","Parking",Out & Back,"A short walk through Lions Bay village with ocean views and mountain backdrop.",https://www.alltrails.com/trail/canada/british-columbia/lions-bay
BC_096,Brunswick Mountain,Lions Bay,"West Vancouver, BC",Hard,16.0,8.0,1400,4.3,"Mountain views, Alpine","Parking",Out & Back,"A challenging hike to Brunswick Mountain with alpine terrain and panoramic views.",https://www.alltrails.com/trail/canada/british-columbia/brunswick-mountain
BC_097,The Lions,Lions Bay,"West Vancouver, BC",Hard,20.0,10.0,1600,4.6,"Mountain views, Alpine","Parking",Out & Back,"An extremely challenging hike to the iconic Lions peaks with technical terrain and spectacular views.",https://www.alltrails.com/trail/canada/british-columbia/the-lions
BC_098,Binkert Trail,Lions Bay,"West Vancouver, BC",Moderate,8.0,4.0,800,4.2,"Mountain views, Forest","Parking",Out & Back,"A moderate hike with forest views and mountain perspectives above Lions Bay.",https://www.alltrails.com/trail/canada/british-columbia/binkert-trail
BC_099,Harvey Creek,Lions Bay,"West Vancouver, BC",Easy,3.0,1.2,100,4.1,"Creek, Forest","Parking",Out & Back,"A short hike along Harvey Creek with forest views and creek access.",https://www.alltrails.com/trail/canada/british-columbia/harvey-creek
BC_100,Whyte Lake,West Vancouver,"West Vancouver, BC",Easy,5.0,2.0,200,4.3,"Lake, Forest","Parking",Out & Back,"A moderate hike to Whyte Lake with forest trail and peaceful mountain lake setting.",https://www.alltrails.com/trail/canada/british-columbia/whyte-lake
BC_101,Hollyburn Mountain,Cypress Provincial Park,"West Vancouver, BC",Moderate,7.0,3.0,450,4.4,"Mountain views, Alpine","Restrooms, Parking",Out & Back,"A moderate hike to Hollyburn Mountain with alpine terrain and views of Vancouver and surrounding mountains.",https://www.alltrails.com/trail/canada/british-columbia/hollyburn-mountain
BC_102,Black Mountain,Cypress Provincial Park,"West Vancouver, BC",Hard,12.0,6.0,800,4.3,"Mountain views, Alpine","Restrooms, Parking",Out & Back,"A challenging hike to Black Mountain with alpine terrain and panoramic views.",https://www.alltrails.com/trail/canada/british-columbia/black-mountain
BC_103,Strachan Meadows,Cypress Provincial Park,"West Vancouver, BC",Easy,4.0,1.5,150,4.2,"Meadows, Forest","Restrooms, Parking",Out & Back,"An easy hike to Strachan Meadows with forest views and alpine meadow setting.",https://www.alltrails.com/trail/canada/british-columbia/strachan-meadows
BC_104,Yew Lake,Cypress Provincial Park,"West Vancouver, BC",Easy,2.0,0.8,50,4.1,"Lake, Forest","Restrooms, Parking",Loop,"A short loop around Yew Lake with forest views and peaceful lake setting.",https://www.alltrails.com/trail/canada/british-columbia/yew-lake
BC_105,Cypress Falls,Cypress Falls Park,"West Vancouver, BC",Easy,3.0,1.2,100,4.2,"Waterfall, Forest","Restrooms, Parking",Out & Back,"A short hike to Cypress Falls with forest views and waterfall destination.",https://www.alltrails.com/trail/canada/british-columbia/cypress-falls
BC_106,Brothers Creek,Cypress Creek,"West Vancouver, BC",Easy,2.5,1.0,80,4.0,"Creek, Forest","Parking",Out & Back,"A short walk along Brothers Creek with forest views and creek access.",https://www.alltrails.com/trail/canada/british-columbia/brothers-creek
BC_107,Lighthouse Park,Lighthouse Park,"West Vancouver, BC",Easy,6.0,2.0,100,4.5,"Ocean, Lighthouse, Forest","Restrooms, Parking",Loop,"A network of trails through old-growth forest to lighthouse and ocean viewpoints.",https://www.alltrails.com/trail/canada/british-columbia/lighthouse-park
BC_108,Point Atkinson,Lighthouse Park,"West Vancouver, BC",Easy,2.0,0.8,50,4.4,"Ocean, Lighthouse","Restrooms, Parking",Out & Back,"A short walk to Point Atkinson lighthouse with ocean views and historic lighthouse.",https://www.alltrails.com/trail/canada/british-columbia/point-atkinson
BC_109,Eagle Bluffs,Lighthouse Park,"West Vancouver, BC",Easy,1.5,0.6,80,4.3,"Ocean, Cliffs","Restrooms, Parking",Out & Back,"A short hike to Eagle Bluffs with ocean views and cliff-top perspectives.",https://www.alltrails.com/trail/canada/british-columbia/eagle-bluffs
BC_110,Juniper Point,Lighthouse Park,"West Vancouver, BC",Easy,1.0,0.4,30,4.2,"Ocean, Forest","Restrooms, Parking",Out & Back,"A short walk to Juniper Point with ocean views through old-growth forest.",https://www.alltrails.com/trail/canada/british-columbia/juniper-point
BC_111,Ambleside Beach,Ambleside Beach,"West Vancouver, BC",Easy,2.0,0.7,5,4.0,"Beach, Ocean","Restrooms, Parking",Out & Back,"A flat beach walk along Ambleside Beach with ocean views and mountain backdrop.",https://www.alltrails.com/trail/canada/british-columbia/ambleside-beach
BC_112,Dundarave Beach,Dundarave Beach,"West Vancouver, BC",Easy,1.5,0.5,5,3.9,"Beach, Ocean","Restrooms, Parking",Out & Back,"A short beach walk along Dundarave Beach with ocean views and pier access.",https://www.alltrails.com/trail/canada/british-columbia/dundarave-beach
BC_113,Capilano Pacific Trail,Capilano Pacific Trail,"West Vancouver, BC",Easy,3.5,1.2,50,4.1,"Forest, Creek","Parking",Out & Back,"A forest trail along Capilano Pacific with creek views and peaceful forest setting.",https://www.alltrails.com/trail/canada/british-columbia/capilano-pacific-trail
BC_114,Mackay Creek,Mackay Creek,"West Vancouver, BC",Easy,2.0,0.8,40,4.0,"Creek, Forest","Parking",Out & Back,"A short walk along Mackay Creek with forest views and creek access.",https://www.alltrails.com/trail/canada/british-columbia/mackay-creek
BC_115,Centennial Seawall,Centennial Seawall,"West Vancouver, BC",Easy,4.0,1.5,10,4.1,"Ocean, Seawall","Restrooms, Parking",Out & Back,"A paved seawall walk with ocean views and mountain backdrop.",https://www.alltrails.com/trail/canada/british-columbia/centennial-seawall
BC_116,English Bay Beach,English Bay Beach,"Vancouver, BC",Easy,2.5,1.0,5,4.2,"Beach, Ocean","Restrooms, Parking",Out & Back,"A popular beach walk along English Bay with ocean views and city skyline.",https://www.alltrails.com/trail/canada/british-columbia/english-bay-beach
BC_117,Kitsilano Beach,Kitsilano Beach,"Vancouver, BC",Easy,1.8,0.6,5,4.1,"Beach, Ocean","Restrooms, Parking",Out & Back,"A beach walk along Kitsilano Beach with ocean views and mountain backdrop.",https://www.alltrails.com/trail/canada/british-columbia/kitsilano-beach
BC_118,Vanier Park,Vanier Park,"Vancouver, BC",Easy,2.0,0.8,15,4.0,"Park, Museums","Restrooms, Parking",Loop,"A loop through Vanier Park with museum access and False Creek views.",https://www.alltrails.com/trail/canada/british-columbia/vanier-park
BC_119,False Creek Seawall,False Creek,"Vancouver, BC",Easy,6.0,2.0,10,4.3,"Urban, Water","Restrooms, Parking",Out & Back,"A paved seawall walk around False Creek with urban views and water access.",https://www.alltrails.com/trail/canada/british-columbia/false-creek-seawall
BC_120,Science World to Olympic Village,Science World,"Vancouver, BC",Easy,2.5,1.0,5,4.1,"Urban, Water","Restrooms, Parking",Out & Back,"A short urban walk from Science World to Olympic Village along False Creek.",https://www.alltrails.com/trail/canada/british-columbia/science-world-to-olympic-village
BC_121,Granville Island,Granville Island,"Vancouver, BC",Easy,2.0,0.8,5,4.2,"Urban, Market","Restrooms, Parking",Loop,"A loop around Granville Island with market access and urban waterfront views.",https://www.alltrails.com/trail/canada/british-columbia/granville-island
BC_122,Creekside Park,Creekside Park,"Vancouver, BC",Easy,1.5,0.5,5,3.9,"Park, Urban","Restrooms, Parking",Loop,"A short loop through Creekside Park with urban views and park facilities.",https://www.alltrails.com/trail/canada/british-columbia/creekside-park
BC_123,Hinge Park,Hinge Park,"Vancouver, BC",Easy,1.0,0.3,5,3.8,"Park, Urban","Restrooms, Parking",Loop,"A small park loop with urban views and modern park design.",https://www.alltrails.com/trail/canada/british-columbia/hinge-park
BC_124,David Lam Park,David Lam Park,"Vancouver, BC",Easy,1.2,0.4,5,3.9,"Park, Urban","Restrooms, Parking",Loop,"A short loop through David Lam Park with urban views and park facilities.",https://www.alltrails.com/trail/canada/british-columbia/david-lam-park
BC_125,Charleson Park,Charleson Park,"Vancouver, BC",Easy,1.5,0.5,5,4.0,"Park, Urban","Restrooms, Parking",Loop,"A loop through Charleson Park with urban views and park amenities.",https://www.alltrails.com/trail/canada/british-columbia/charleson-park
BC_126,Ron Basford Park,Ron Basford Park,"Vancouver, BC",Easy,1.0,0.3,5,3.8,"Park, Urban","Restrooms, Parking",Loop,"A small park loop with urban views and waterfront access.",https://www.alltrails.com/trail/canada/british-columbia/ron-basford-park
BC_127,George Wainborn Park,George Wainborn Park,"Vancouver, BC",Easy,0.8,0.3,5,3.7,"Park, Urban","Restrooms, Parking",Loop,"A small urban park loop with city views and park facilities.",https://www.alltrails.com/trail/canada/british-columbia/george-wainborn-park
BC_128,Coopers' Park,Coopers' Park,"Vancouver, BC",Easy,0.5,0.2,5,3.6,"Park, Urban","Restrooms, Parking",Loop,"A very small park loop with urban views and waterfront access.",https://www.alltrails.com/trail/canada/british-columbia/coopers-park
BC_129,Sutcliffe Park,Sutcliffe Park,"Vancouver, BC",Easy,1.0,0.3,5,3.8,"Park, Urban","Restrooms, Parking",Loop,"A small park loop with urban views and park amenities.",https://www.alltrails.com/trail/canada/british-columbia/sutcliffe-park
BC_130,Connaught Park,Connaught Park,"Vancouver, BC",Easy,1.2,0.4,5,3.9,"Park, Urban","Restrooms, Parking",Loop,"A loop through Connaught Park with urban views and park facilities.",https://www.alltrails.com/trail/canada/british-columbia/connaught-park
BC_131,Thornton Park,Thornton Park,"Vancouver, BC",Easy,1.0,0.3,5,3.8,"Park, Urban","Restrooms, Parking",Loop,"A small park loop with urban views and park amenities.",https://www.alltrails.com/trail/canada/british-columbia/thornton-park
BC_132,Strathcona Park,Strathcona Park,"Vancouver, BC",Easy,1.5,0.5,5,3.9,"Park, Urban","Restrooms, Parking",Loop,"A loop through Strathcona Park with urban views and park facilities.",https://www.alltrails.com/trail/canada/british-columbia/strathcona-park
BC_133,Crab Park,Crab Park,"Vancouver, BC",Easy,1.0,0.3,5,3.8,"Park, Ocean","Restrooms, Parking",Loop,"A small waterfront park loop with ocean views and city skyline.",https://www.alltrails.com/trail/canada/british-columbia/crab-park
BC_134,CRAB Park at Portside,CRAB Park,"Vancouver, BC",Easy,0.8,0.3,5,3.7,"Park, Ocean","Restrooms, Parking",Loop,"A small waterfront park with ocean views and port activity.",https://www.alltrails.com/trail/canada/british-columbia/crab-park-at-portside
BC_135,Gastown Steam Clock,Gastown,"Vancouver, BC",Easy,1.0,0.3,5,3.9,"Urban, Historic","Restrooms, Parking",Out & Back,"A short urban walk to the famous Gastown Steam Clock with historic city views.",https://www.alltrails.com/trail/canada/british-columbia/gastown-steam-clock
BC_136,Robson Street,Robson Street,"Vancouver, BC",Easy,2.0,0.8,10,4.0,"Urban, Shopping","Restrooms, Parking",Out & Back,"A urban walk along Robson Street with shopping and city views.",https://www.alltrails.com/trail/canada/british-columbia/robson-street
BC_137,Yaletown,Yaletown,"Vancouver, BC",Easy,1.5,0.5,5,4.0,"Urban, Historic","Restrooms, Parking",Loop,"A loop through historic Yaletown with urban views and heritage buildings.",https://www.alltrails.com/trail/canada/british-columbia/yaletown
BC_138,Chinatown,Chinatown,"Vancouver, BC",Easy,1.0,0.4,5,3.9,"Urban, Cultural","Restrooms, Parking",Loop,"A cultural walk through Vancouver's Chinatown with historic and cultural sites.",https://www.alltrails.com/trail/canada/british-columbia/chinatown
BC_139,Dr. Sun Yat-Sen Classical Chinese Garden,Dr. Sun Yat-Sen Garden,"Vancouver, BC",Easy,0.5,0.3,5,4.1,"Gardens, Cultural","Restrooms, Parking",Loop,"A peaceful walk through the classical Chinese garden with traditional architecture and landscaping.",https://www.alltrails.com/trail/canada/british-columbia/dr-sun-yat-sen-classical-chinese-garden
BC_140,Bloedel Conservatory,Queen Elizabeth Park,"Vancouver, BC",Easy,0.5,0.3,20,4.2,"Gardens, Conservatory","Restrooms, Parking, Cafe",Loop,"A short walk through the Bloedel Conservatory with tropical plants and city views.",https://www.alltrails.com/trail/canada/british-columbia/bloedel-conservatory
BC_141,Seasons in the Park,Queen Elizabeth Park,"Vancouver, BC",Easy,0.3,0.2,5,3.8,"Restaurant, Views","Restrooms, Parking, Cafe",Out & Back,"A very short walk to Seasons in the Park restaurant with city views.",https://www.alltrails.com/trail/canada/british-columbia/seasons-in-the-park
BC_142,Quarry Gardens,Queen Elizabeth Park,"Vancouver, BC",Easy,1.0,0.3,20,4.1,"Gardens, Quarry","Restrooms, Parking",Loop,"A short loop through the quarry gardens with unique landscaping and city views.",https://www.alltrails.com/trail/canada/british-columbia/quarry-gardens
BC_143,Arbutus Greenway,Arbutus Greenway,"Vancouver, BC",Easy,9.0,3.0,30,4.2,"Urban, Greenway","Parking",Point-to-Point,"A long urban greenway trail from downtown to the Fraser River with multiple access points.",https://www.alltrails.com/trail/canada/british-columbia/arbutus-greenway
BC_144,Fraser River Heritage Park,Fraser River Heritage Park,"Mission, BC",Easy,3.0,1.2,20,4.1,"River, Heritage","Restrooms, Parking",Loop,"A loop through heritage park with Fraser River views and historic buildings.",https://www.alltrails.com/trail/canada/british-columbia/fraser-river-heritage-park
BC_145,Hayward Lake,Hayward Lake,"Mission, BC",Easy,5.0,2.0,50,4.2,"Lake, Forest","Restrooms, Parking",Loop,"A loop around Hayward Lake with forest views and peaceful lake setting.",https://www.alltrails.com/trail/canada/british-columbia/hayward-lake
BC_146,Cascade Falls,Mission,"Mission, BC",Easy,1.5,0.8,100,4.3,"Waterfall, Forest","Restrooms, Parking",Out & Back,"A short hike to Cascade Falls with forest views and waterfall destination.",https://www.alltrails.com/trail/canada/british-columbia/cascade-falls
BC_147,Rolley Lake,Rolley Lake Provincial Park,"Mission, BC",Easy,3.0,1.2,30,4.1,"Lake, Forest","Restrooms, Parking, Camping",Loop,"A loop around Rolley Lake with forest views and camping facilities.",https://www.alltrails.com/trail/canada/british-columbia/rolley-lake
BC_148,Stave Lake,Stave Lake,"Mission, BC",Easy,4.0,1.5,40,4.0,"Lake, Forest","Parking",Out & Back,"A walk along Stave Lake with forest views and lake access.",https://www.alltrails.com/trail/canada/british-columbia/stave-lake
BC_149,Sasquatch Provincial Park,Sasquatch Provincial Park,"Harrison Hot Springs, BC",Easy,8.0,3.0,100,4.3,"Lake, Forest","Restrooms, Parking, Camping",Loop,"A loop through Sasquatch Provincial Park with multiple lakes and forest views.",https://www.alltrails.com/trail/canada/british-columbia/sasquatch-provincial-park
BC_150,Harrison Hot Springs,Harrison Hot Springs,"Harrison Hot Springs, BC",Easy,2.0,0.8,10,4.2,"Hot springs, Lake","Restrooms, Parking, Hot springs",Out & Back,"A short walk around Harrison Hot Springs with lake views and hot spring access.",https://www.alltrails.com/trail/canada/british-columbia/harrison-hot-springs
BC_151,Weaver Lake,Weaver Lake,"Harrison Mills, BC",Easy,6.0,2.5,80,4.1,"Lake, Forest","Parking",Out & Back,"A moderate hike to Weaver Lake with forest views and peaceful lake setting.",https://www.alltrails.com/trail/canada/british-columbia/weaver-lake
BC_152,Kilby Historic Site,Kilby Historic Site,"Harrison Mills, BC",Easy,1.5,0.6,10,3.9,"Historic, Farm","Restrooms, Parking",Loop,"A short walk through historic Kilby site with heritage buildings and farm setting.",https://www.alltrails.com/trail/canada/british-columbia/kilby-historic-site
BC_153,Sandpiper Golf Course,Sandpiper Golf Course,"Harrison Mills, BC",Easy,5.0,2.0,20,3.8,"Golf, River","Restrooms, Parking",Loop,"A walk around Sandpiper Golf Course with river views and golf course setting.",https://www.alltrails.com/trail/canada/british-columbia/sandpiper-golf-course
BC_154,Bear Mountain,Bear Mountain,"Mission, BC",Hard,12.0,6.0,1200,4.4,"Mountain views, Forest","Parking",Out & Back,"A challenging hike to Bear Mountain with forest views and mountain summit.",https://www.alltrails.com/trail/canada/british-columbia/bear-mountain
BC_155,Sumas Mountain,Sumas Mountain,"Abbotsford, BC",Moderate,8.0,4.0,600,4.2,"Mountain views, Forest","Parking",Out & Back,"A moderate hike to Sumas Mountain with forest views and mountain summit perspectives.",https://www.alltrails.com/trail/canada/british-columbia/sumas-mountain
WA_001,Mount Pilchuck,Mount Pilchuck State Park,"Granite Falls, WA",Moderate,5.4,3.5,650,4.6,"Mountain views, Fire tower","Restrooms, Parking",Out & Back,"A moderate hike to Mount Pilchuck with a historic fire tower and panoramic Cascade views.",https://www.alltrails.com/trail/us/washington/mount-pilchuck-trail
WA_002,Rattlesnake Ledge,Rattlesnake Lake,"North Bend, WA",Moderate,4.0,2.5,350,4.4,"Lake views, Forest","Restrooms, Parking",Out & Back,"A popular moderate hike to Rattlesnake Ledge with stunning views of Rattlesnake Lake and Mount Si.",https://www.alltrails.com/trail/us/washington/rattlesnake-ledge-trail
WA_003,Mount Si,Mount Si Natural Resources Conservation Area,"North Bend, WA",Hard,12.6,6.0,1000,4.5,"Mountain views, Forest","Restrooms, Parking",Out & Back,"A challenging hike to Mount Si with forest trails and spectacular summit views of the Snoqualmie Valley.",https://www.alltrails.com/trail/us/washington/mount-si-trail
WA_004,Little Si,Little Si Natural Resources Conservation Area,"North Bend, WA",Moderate,4.7,2.5,400,4.3,"Mountain views, Forest","Restrooms, Parking",Out & Back,"A moderate alternative to Mount Si with forest views and mountain perspectives.",https://www.alltrails.com/trail/us/washington/little-si-trail
WA_005,Snoqualmie Falls,Snoqualmie Falls Park,"Snoqualmie, WA",Easy,1.5,0.5,50,4.5,"Waterfall, River","Restrooms, Parking",Out & Back,"A short walk to the spectacular 268-foot Snoqualmie Falls with viewing platforms and visitor center.",https://www.alltrails.com/trail/us/washington/snoqualmie-falls-trail
WA_006,Twin Falls,Olallie State Park,"North Bend, WA",Easy,2.6,1.5,300,4.4,"Waterfall, River","Restrooms, Parking",Out & Back,"An easy hike to Twin Falls with forest trail and beautiful waterfall views.",https://www.alltrails.com/trail/us/washington/twin-falls-trail
WA_007,Franklin Falls,Snoqualmie Pass,"Snoqualmie Pass, WA",Easy,2.0,1.0,200,4.3,"Waterfall, Forest","Restrooms, Parking",Out & Back,"A short hike to Franklin Falls with forest views and waterfall destination.",https://www.alltrails.com/trail/us/washington/franklin-falls-trail
WA_008,Denny Creek and Melakwa Lake,Denny Creek,"Snoqualmie Pass, WA",Moderate,9.0,4.5,700,4.5,"Lake, Creek, Forest","Restrooms, Parking",Out & Back,"A moderate hike through Denny Creek to alpine Melakwa Lake with forest and lake views.",https://www.alltrails.com/trail/us/washington/denny-creek-and-melakwa-lake-trail
WA_009,Snow Lake,Alpine Lakes Wilderness,"Snoqualmie Pass, WA",Moderate,7.2,4.0,700,4.6,"Lake, Alpine","Restrooms, Parking",Out & Back,"A moderate hike to beautiful Snow Lake with alpine scenery and mountain lake views.",https://www.alltrails.com/trail/us/washington/snow-lake-trail
WA_010,Gem Lake,Alpine Lakes Wilderness,"Snoqualmie Pass, WA",Moderate,8.0,4.5,800,4.4,"Lake, Alpine","Restrooms, Parking",Out & Back,"A moderate hike to Gem Lake with alpine terrain and pristine mountain lake setting.",https://www.alltrails.com/trail/us/washington/gem-lake-trail
WA_011,Talapus Lake,Alpine Lakes Wilderness,"Snoqualmie Pass, WA",Easy,4.0,2.0,200,4.2,"Lake, Forest","Restrooms, Parking",Out & Back,"An easy hike to Talapus Lake with forest trail and peaceful mountain lake views.",https://www.alltrails.com/trail/us/washington/talapus-lake-trail
WA_012,Olallie Lake,Alpine Lakes Wilderness,"Snoqualmie Pass, WA",Easy,5.0,2.5,300,4.3,"Lake, Forest","Restrooms, Parking",Out & Back,"An easy to moderate hike to Olallie Lake with forest views and mountain lake setting.",https://www.alltrails.com/trail/us/washington/olallie-lake-trail
WA_013,Pratt Lake,Alpine Lakes Wilderness,"Snoqualmie Pass, WA",Moderate,11.0,5.0,1100,4.4,"Lake, Alpine","Restrooms, Parking",Out & Back,"A moderate to challenging hike to Pratt Lake with alpine terrain and mountain lake views.",https://www.alltrails.com/trail/us/washington/pratt-lake-trail
WA_014,Granite Mountain,Alpine Lakes Wilderness,"Snoqualmie Pass, WA",Hard,8.6,5.0,1000,4.5,"Mountain views, Alpine","Restrooms, Parking",Out & Back,"A challenging hike to Granite Mountain with alpine terrain and panoramic Cascade views.",https://www.alltrails.com/trail/us/washington/granite-mountain-trail
WA_015,Kendall Katwalk,Alpine Lakes Wilderness,"Snoqualmie Pass, WA",Hard,11.0,6.0,1000,4.6,"Mountain views, Alpine","Restrooms, Parking",Out & Back,"A challenging section of the Pacific Crest Trail with alpine terrain and spectacular mountain views.",https://www.alltrails.com/trail/us/washington/kendall-katwalk-trail
WA_016,Commonwealth Basin,Alpine Lakes Wilderness,"Snoqualmie Pass, WA",Moderate,10.0,5.0,1200,4.3,"Alpine, Basin","Restrooms, Parking",Out & Back,"A moderate to challenging hike to Commonwealth Basin with alpine terrain and mountain views.",https://www.alltrails.com/trail/us/washington/commonwealth-basin-trail
WA_017,Red Mountain,Commonwealth Basin,"Snoqualmie Pass, WA",Hard,12.0,6.0,1400,4.4,"Mountain views, Alpine","Restrooms, Parking",Out & Back,"A challenging hike to Red Mountain with alpine terrain and panoramic mountain views.",https://www.alltrails.com/trail/us/washington/red-mountain-trail
WA_018,Annette Lake,Alpine Lakes Wilderness,"Snoqualmie Pass, WA",Easy,7.5,3.0,500,4.4,"Lake, Forest","Restrooms, Parking",Out & Back,"An easy to moderate hike to Annette Lake with forest trail and beautiful mountain lake views.",https://www.alltrails.com/trail/us/washington/annette-lake-trail
WA_019,Asahel Curtis Nature Trail,Mount Baker-Snoqualmie National Forest,"Snoqualmie Pass, WA",Easy,1.2,0.5,50,4.1,"Forest, Nature trail","Restrooms, Parking",Loop,"A short nature loop with interpretive signs and old-growth forest views.",https://www.alltrails.com/trail/us/washington/asahel-curtis-nature-trail
WA_020,Ira Spring Memorial Trail,Mount Baker-Snoqualmie National Forest,"Snoqualmie Pass, WA",Easy,1.0,0.5,100,4.0,"Memorial, Forest","Restrooms, Parking",Loop,"A short memorial trail with forest views and interpretive information.",https://www.alltrails.com/trail/us/washington/ira-spring-memorial-trail
WA_021,Mount Washington,Mount Washington,"North Bend, WA",Hard,8.4,5.0,1000,4.3,"Mountain views, Forest","Parking",Out & Back,"A challenging hike to Mount Washington with forest trails and mountain summit views.",https://www.alltrails.com/trail/us/washington/mount-washington-trail
WA_022,Mailbox Peak,Mailbox Peak,"North Bend, WA",Hard,9.4,5.0,1300,4.2,"Mountain views, Forest","Parking",Out & Back,"A notoriously challenging hike to Mailbox Peak with steep terrain and rewarding summit views.",https://www.alltrails.com/trail/us/washington/mailbox-peak-trail
WA_023,Dirty Box,Mailbox Peak,"North Bend, WA",Hard,5.2,3.0,800,4.1,"Mountain views, Forest","Parking",Out & Back,"A challenging alternative route to Mailbox Peak with steep terrain and mountain views.",https://www.alltrails.com/trail/us/washington/dirty-box-trail
WA_024,Middle Fork Snoqualmie River,Middle Fork Snoqualmie,"North Bend, WA",Easy,7.0,3.0,200,4.3,"River, Forest","Parking",Out & Back,"An easy river walk along the Middle Fork Snoqualmie with forest views and river access.",https://www.alltrails.com/trail/us/washington/middle-fork-snoqualmie-river-trail
WA_025,Goldmyer Hot Springs,Middle Fork Snoqualmie,"North Bend, WA",Moderate,9.0,4.0,400,4.4,"Hot springs, River","Parking",Out & Back,"A moderate hike to natural hot springs along the Middle Fork Snoqualmie River.",https://www.alltrails.com/trail/us/washington/goldmyer-hot-springs-trail
WA_026,Bandera Mountain,Bandera Mountain,"North Bend, WA",Hard,7.0,4.0,900,4.2,"Mountain views, Forest","Parking",Out & Back,"A challenging hike to Bandera Mountain with forest trails and mountain summit views.",https://www.alltrails.com/trail/us/washington/bandera-mountain-trail
WA_027,Mason Lake,Mason Lake,"North Bend, WA",Moderate,6.8,3.5,600,4.3,"Lake, Forest","Parking",Out & Back,"A moderate hike to Mason Lake with forest trail and peaceful mountain lake views.",https://www.alltrails.com/trail/us/washington/mason-lake-trail
WA_028,Ira Spring Trail,Ira Spring Trail,"North Bend, WA",Moderate,7.0,3.5,700,4.2,"Mountain views, Forest","Parking",Out & Back,"A moderate hike on the Ira Spring Trail with forest views and mountain perspectives.",https://www.alltrails.com/trail/us/washington/ira-spring-trail
WA_029,McClellan Butte,McClellan Butte,"North Bend, WA",Hard,9.0,5.0,1100,4.4,"Mountain views, Forest","Parking",Out & Back,"A challenging hike to McClellan Butte with forest trails and panoramic mountain views.",https://www.alltrails.com/trail/us/washington/mcclellan-butte-trail
WA_030,Defiance,Mount Defiance,"North Bend, WA",Hard,11.0,6.0,1200,4.3,"Mountain views, Forest","Parking",Out & Back,"A challenging hike to Mount Defiance with forest trails and expansive mountain views.",https://www.alltrails.com/trail/us/washington/mount-defiance-trail
WA_031,Tiger Mountain,Tiger Mountain State Forest,"Issaquah, WA",Easy,5.0,2.0,400,4.2,"Mountain views, Forest","Restrooms, Parking",Out & Back,"An easy to moderate hike on Tiger Mountain with forest trails and mountain views.",https://www.alltrails.com/trail/us/washington/tiger-mountain-trail
WA_032,Poo Poo Point,Tiger Mountain State Forest,"Issaquah, WA",Moderate,7.4,3.0,500,4.4,"Mountain views, Paragliding","Restrooms, Parking",Out & Back,"A moderate hike to Poo Poo Point with mountain views and paragliding launch site.",https://www.alltrails.com/trail/us/washington/poo-poo-point-trail
WA_033,West Tiger 1,Tiger Mountain State Forest,"Issaquah, WA",Moderate,5.4,2.5,400,4.3,"Mountain views, Forest","Restrooms, Parking",Out & Back,"A moderate hike to West Tiger 1 with forest trail and mountain summit views.",https://www.alltrails.com/trail/us/washington/west-tiger-1-trail
WA_034,West Tiger 2,Tiger Mountain State Forest,"Issaquah, WA",Moderate,6.0,3.0,500,4.2,"Mountain views, Forest","Restrooms, Parking",Out & Back,"A moderate hike to West Tiger 2 with forest views and mountain summit perspectives.",https://www.alltrails.com/trail/us/washington/west-tiger-2-trail
WA_035,West Tiger 3,Tiger Mountain State Forest,"Issaquah, WA",Easy,5.0,2.5,350,4.1,"Mountain views, Forest","Restrooms, Parking",Out & Back,"An easy to moderate hike to West Tiger 3 with forest trail and mountain views.",https://www.alltrails.com/trail/us/washington/west-tiger-3-trail
WA_036,Cable Line Trail,Tiger Mountain State Forest,"Issaquah, WA",Easy,4.0,2.0,300,4.0,"Forest, Historic","Restrooms, Parking",Out & Back,"An easy hike on the historic Cable Line Trail with forest views and logging history.",https://www.alltrails.com/trail/us/washington/cable-line-trail
WA_037,Tiger Mountain Trail,Tiger Mountain State Forest,"Issaquah, WA",Moderate,8.0,4.0,600,4.2,"Mountain views, Forest","Restrooms, Parking",Loop,"A moderate loop on Tiger Mountain with forest trails and multiple summit options.",https://www.alltrails.com/trail/us/washington/tiger-mountain-trail
WA_038,Tradition Lake,Tiger Mountain State Forest,"Issaquah, WA",Easy,3.0,1.5,200,4.1,"Lake, Forest","Restrooms, Parking",Out & Back,"An easy hike to Tradition Lake with forest trail and peaceful lake views.",https://www.alltrails.com/trail/us/washington/tradition-lake-trail
WA_039,Issaquah Alps,Issaquah Alps,"Issaquah, WA",Moderate,12.0,6.0,800,4.3,"Mountain views, Forest","Restrooms, Parking",Point-to-Point,"A moderate traverse of the Issaquah Alps with forest trails and mountain views.",https://www.alltrails.com/trail/us/washington/issaquah-alps-trail
WA_040,Cougar Mountain,Cougar Mountain Regional Wildland Park,"Bellevue, WA",Easy,4.0,2.0,300,4.1,"Mountain views, Forest","Restrooms, Parking",Loop,"An easy loop on Cougar Mountain with forest trails and mountain perspectives.",https://www.alltrails.com/trail/us/washington/cougar-mountain-trail
WA_041,Coal Creek Falls,Coal Creek,"Bellevue, WA",Easy,4.6,2.0,300,4.2,"Waterfall, Creek","Restrooms, Parking",Out & Back,"An easy hike to Coal Creek Falls with forest trail and waterfall destination.",https://www.alltrails.com/trail/us/washington/coal-creek-falls-trail
WA_042,Coal Creek Trail,Coal Creek,"Bellevue, WA",Easy,6.0,2.5,200,4.0,"Creek, Forest","Restrooms, Parking",Out & Back,"An easy creek-side trail with forest views and peaceful water features.",https://www.alltrails.com/trail/us/washington/coal-creek-trail
WA_043,Red Town Trail,Cougar Mountain Regional Wildland Park,"Bellevue, WA",Easy,3.0,1.5,200,4.0,"Forest, Historic","Restrooms, Parking",Loop,"An easy loop with forest views and historic mining remnants.",https://www.alltrails.com/trail/us/washington/red-town-trail
WA_044,Squak Mountain,Squak Mountain State Park,"Issaquah, WA",Easy,4.0,2.0,400,4.1,"Mountain views, Forest","Restrooms, Parking",Out & Back,"An easy hike on Squak Mountain with forest trails and mountain views.",https://www.alltrails.com/trail/us/washington/squak-mountain-trail
WA_045,May Valley Loop,Squak Mountain State Park,"Issaquah, WA",Easy,3.5,1.5,200,4.0,"Valley, Forest","Restrooms, Parking",Loop,"An easy loop through May Valley with forest views and valley perspectives.",https://www.alltrails.com/trail/us/washington/may-valley-loop-trail
WA_046,Rattlesnake Mountain,Rattlesnake Mountain,"North Bend, WA",Hard,11.0,6.0,1100,4.4,"Mountain views, Forest","Parking",Out & Back,"A challenging hike to Rattlesnake Mountain with forest trails and panoramic views.",https://www.alltrails.com/trail/us/washington/rattlesnake-mountain-trail
WA_047,East Peak,Rattlesnake Mountain,"North Bend, WA",Hard,13.0,7.0,1300,4.3,"Mountain views, Forest","Parking",Out & Back,"A challenging extension to East Peak with forest trails and mountain summit views.",https://www.alltrails.com/trail/us/washington/east-peak-trail
WA_048,Grand Ridge Park,Grand Ridge Park,"Issaquah, WA",Easy,3.0,1.5,100,4.0,"Ridge, Forest","Restrooms, Parking",Out & Back,"An easy ridge walk with forest views and peaceful trail setting.",https://www.alltrails.com/trail/us/washington/grand-ridge-park-trail
WA_049,Preston Railroad Trail,Preston Railroad Trail,"Preston, WA",Easy,6.0,2.0,100,4.1,"Historic, Forest","Parking",Out & Back,"An easy trail on historic railroad grade with forest views and historical significance.",https://www.alltrails.com/trail/us/washington/preston-railroad-trail
WA_050,High Point Trail,Preston,"Preston, WA",Easy,2.0,1.0,200,3.9,"Forest, Views","Parking",Out & Back,"An easy hike to a viewpoint with forest trail and elevated perspectives.",https://www.alltrails.com/trail/us/washington/high-point-trail
WA_051,Mount Rainier National Park,Mount Rainier National Park,"Ashford, WA",Hard,93.0,40.0,3000,4.8,"Mountain views, Alpine, Glaciers","Restrooms, Parking, Camping",Point-to-Point,"An extensive network of trails in Mount Rainier National Park with alpine terrain and glacier views.",https://www.alltrails.com/trail/us/washington/mount-rainier-national-park
WA_052,Skyline Trail,Mount Rainier National Park,"Paradise, WA",Moderate,5.5,3.0,400,4.7,"Mountain views, Alpine, Wildflowers","Restrooms, Parking",Loop,"A moderate loop with alpine meadows, wildflowers, and spectacular Mount Rainier views.",https://www.alltrails.com/trail/us/washington/skyline-trail
WA_053,Panorama Point,Mount Rainier National Park,"Paradise, WA",Easy,5.0,2.5,300,4.6,"Mountain views, Alpine","Restrooms, Parking",Out & Back,"An easy hike to Panorama Point with alpine terrain and panoramic mountain views.",https://www.alltrails.com/trail/us/washington/panorama-point-trail
WA_054,Silver Falls,Mount Rainier National Park,"Paradise, WA",Easy,3.0,1.5,200,4.4,"Waterfall, Alpine","Restrooms, Parking",Out & Back,"An easy hike to Silver Falls with alpine terrain and waterfall views.",https://www.alltrails.com/trail/us/washington/silver-falls-trail
WA_055,Comet Falls,Mount Rainier National Park,"Longmire, WA",Moderate,3.8,2.5,300,4.5,"Waterfall, Forest","Restrooms, Parking",Out & Back,"A moderate hike to spectacular Comet Falls with forest trail and waterfall destination.",https://www.alltrails.com/trail/us/washington/comet-falls-trail
WA_056,Narada Falls,Mount Rainier National Park,"Paradise, WA",Easy,0.2,0.1,50,4.3,"Waterfall, Alpine","Restrooms, Parking",Out & Back,"A very short walk to Narada Falls with alpine setting and waterfall views.",https://www.alltrails.com/trail/us/washington/narada-falls-trail
WA_057,Christine Falls,Mount Rainier National Park,"Paradise, WA",Easy,0.5,0.2,30,4.2,"Waterfall, Bridge","Restrooms, Parking",Out & Back,"A short walk to Christine Falls with stone bridge and waterfall views.",https://www.alltrails.com/trail/us/washington/christine-falls-trail
WA_058,Bench Lake,Mount Rainier National Park,"Paradise, WA",Moderate,2.5,1.5,200,4.4,"Lake, Alpine","Restrooms, Parking",Out & Back,"A moderate hike to Bench Lake with alpine terrain and mountain lake views.",https://www.alltrails.com/trail/us/washington/bench-lake-trail
WA_059,Tolmie Peak,Mount Rainier National Park,"Mowich Lake, WA",Moderate,6.5,3.0,500,4.5,"Mountain views, Alpine, Lake","Restrooms, Parking",Out & Back,"A moderate hike to Tolmie Peak with alpine terrain and spectacular Mount Rainier views.",https://www.alltrails.com/trail/us/washington/tolmie-peak-trail
WA_060,Spray Park,Mount Rainier National Park,"Mowich Lake, WA",Moderate,8.0,4.0,600,4.6,"Alpine, Wildflowers","Restrooms, Parking",Out & Back,"A moderate hike to Spray Park with alpine meadows and wildflower displays.",https://www.alltrails.com/trail/us/washington/spray-park-trail
WA_061,Eunice Lake,Mount Rainier National Park,"Mowich Lake, WA",Easy,2.8,1.5,100,4.3,"Lake, Alpine","Restrooms, Parking",Out & Back,"An easy hike to Eunice Lake with alpine terrain and peaceful mountain lake views.",https://www.alltrails.com/trail/us/washington/eunice-lake-trail
WA_062,Carbon River Trail,Mount Rainier National Park,"Carbon River, WA",Easy,8.0,3.0,200,4.2,"River, Forest","Restrooms, Parking",Out & Back,"An easy river trail with forest views and access to Carbon Glacier.",https://www.alltrails.com/trail/us/washington/carbon-river-trail
WA_063,Green Lake,Mount Rainier National Park,"Carbon River, WA",Moderate,5.0,2.5,400,4.4,"Lake, Forest","Restrooms, Parking",Out & Back,"A moderate hike to Green Lake with forest trail and mountain lake views.",https://www.alltrails.com/trail/us/washington/green-lake-trail
WA_064,Naches Peak Loop,Mount Rainier National Park,"Chinook Pass, WA",Easy,3.5,2.0,200,4.5,"Mountain views, Alpine, Loop","Restrooms, Parking",Loop,"An easy loop with alpine terrain and spectacular Mount Rainier views.",https://www.alltrails.com/trail/us/washington/naches-peak-loop-trail
WA_065,Tipsoo Lake,Mount Rainier National Park,"Chinook Pass, WA",Easy,0.5,0.2,20,4.4,"Lake, Alpine","Restrooms, Parking",Loop,"A very short loop around Tipsoo Lake with alpine setting and mountain views.",https://www.alltrails.com/trail/us/washington/tipsoo-lake-trail
WA_066,Crystal Lake,Mount Rainier National Park,"Crystal Mountain, WA",Easy,6.0,3.0,700,4.3,"Lake, Alpine","Restrooms, Parking",Out & Back,"An easy to moderate hike to Crystal Lake with alpine terrain and mountain lake views.",https://www.alltrails.com/trail/us/washington/crystal-lake-trail
WA_067,Mount Fremont Lookout,Mount Rainier National Park,"Sunrise, WA",Easy,5.6,2.5,200,4.5,"Mountain views, Lookout","Restrooms, Parking",Out & Back,"An easy hike to Mount Fremont Lookout with alpine terrain and panoramic views.",https://www.alltrails.com/trail/us/washington/mount-fremont-lookout-trail
WA_068,Sunrise Rim Trail,Mount Rainier National Park,"Sunrise, WA",Easy,1.5,0.8,100,4.4,"Mountain views, Alpine","Restrooms, Parking",Loop,"An easy loop with alpine terrain and spectacular Mount Rainier views.",https://www.alltrails.com/trail/us/washington/sunrise-rim-trail
WA_069,Sourdough Ridge,Mount Rainier National Park,"Sunrise, WA",Easy,4.0,2.0,300,4.3,"Mountain views, Alpine","Restrooms, Parking",Out & Back,"An easy hike on Sourdough Ridge with alpine terrain and mountain views.",https://www.alltrails.com/trail/us/washington/sourdough-ridge-trail
WA_070,Burroughs Mountain,Mount Rainier National Park,"Sunrise, WA",Moderate,5.0,3.0,400,4.6,"Mountain views, Alpine","Restrooms, Parking",Out & Back,"A moderate hike to Burroughs Mountain with alpine terrain and close-up Mount Rainier views.",https://www.alltrails.com/trail/us/washington/burroughs-mountain-trail
WA_071,Emmons Vista,Mount Rainier National Park,"Sunrise, WA",Easy,1.0,0.5,50,4.2,"Mountain views, Glacier","Restrooms, Parking",Out & Back,"A short walk to Emmons Vista with views of Emmons Glacier and Mount Rainier.",https://www.alltrails.com/trail/us/washington/emmons-vista-trail
WA_072,Glacier Basin,Mount Rainier National Park,"White River, WA",Easy,7.0,3.0,400,4.4,"Mountain views, Basin","Restrooms, Parking",Out & Back,"An easy hike to Glacier Basin with alpine terrain and mountain views.",https://www.alltrails.com/trail/us/washington/glacier-basin-trail
WA_073,Summerland,Mount Rainier National Park,"White River, WA",Moderate,8.5,4.0,600,4.5,"Alpine, Wildflowers","Restrooms, Parking",Out & Back,"A moderate hike to Summerland with alpine meadows and wildflower displays.",https://www.alltrails.com/trail/us/washington/summerland-trail
WA_074,Box Canyon,Mount Rainier National Park,"Stevens Canyon, WA",Easy,0.3,0.1,30,4.1,"Canyon, Bridge","Restrooms, Parking",Out & Back,"A very short walk to Box Canyon with canyon views and bridge crossing.",https://www.alltrails.com/trail/us/washington/box-canyon-trail
WA_075,Grove of the Patriarchs,Mount Rainier National Park,"Stevens Canyon, WA",Easy,1.5,0.8,50,4.6,"Old growth, Bridge","Restrooms, Parking",Out & Back,"An easy hike to ancient old-growth forest with suspension bridge and giant trees.",https://www.alltrails.com/trail/us/washington/grove-of-the-patriarchs-trail
WA_076,Silver Creek Trail,Mount Rainier National Park,"Stevens Canyon, WA",Easy,6.0,3.0,300,4.2,"Creek, Forest","Restrooms, Parking",Out & Back,"An easy creek-side trail with forest views and peaceful water features.",https://www.alltrails.com/trail/us/washington/silver-creek-trail
WA_077,Reflection Lakes,Mount Rainier National Park,"Stevens Canyon, WA",Easy,0.5,0.2,20,4.5,"Lake, Reflection","Restrooms, Parking",Out & Back,"A very short walk to Reflection Lakes with mountain reflections and alpine setting.",https://www.alltrails.com/trail/us/washington/reflection-lakes-trail
WA_078,Louise Lake,Mount Rainier National Park,"Stevens Canyon, WA",Easy,2.5,1.2,100,4.3,"Lake, Alpine","Restrooms, Parking",Out & Back,"An easy hike to Louise Lake with alpine terrain and mountain lake views.",https://www.alltrails.com/trail/us/washington/louise-lake-trail
WA_079,Pinnacle Peak,Mount Rainier National Park,"Paradise, WA",Moderate,2.5,1.5,300,4.4,"Mountain views, Alpine","Restrooms, Parking",Out & Back,"A moderate hike to Pinnacle Peak with alpine terrain and panoramic views.",https://www.alltrails.com/trail/us/washington/pinnacle-peak-trail
WA_080,Plummer Peak,Mount Rainier National Park,"Paradise, WA",Hard,4.0,3.0,500,4.3,"Mountain views, Alpine","Restrooms, Parking",Out & Back,"A challenging hike to Plummer Peak with alpine terrain and mountain summit views.",https://www.alltrails.com/trail/us/washington/plummer-peak-trail
WA_081,Eagle Peak,Mount Rainier National Park,"Longmire, WA",Hard,7.0,4.0,800,4.2,"Mountain views, Forest","Restrooms, Parking",Out & Back,"A challenging hike to Eagle Peak with forest trails and mountain summit views.",https://www.alltrails.com/trail/us/washington/eagle-peak-trail
WA_082,Rampart Ridge,Mount Rainier National Park,"Longmire, WA",Easy,4.6,2.0,300,4.3,"Ridge, Forest","Restrooms, Parking",Loop,"An easy loop on Rampart Ridge with forest views and elevated perspectives.",https://www.alltrails.com/trail/us/washington/rampart-ridge-trail
WA_083,Trail of the Shadows,Mount Rainier National Park,"Longmire, WA",Easy,0.7,0.3,30,4.1,"Historic, Nature","Restrooms, Parking",Loop,"A short nature loop with historic cabins and interpretive displays.",https://www.alltrails.com/trail/us/washington/trail-of-the-shadows
WA_084,Second Beach Trail,Olympic National Park,"Olympic Peninsula, WA",Easy,1.4,0.8,100,4.7,"Beach, Ocean","Restrooms, Parking",Out & Back,"An easy hike to Second Beach with coastal forest and spectacular ocean views.",https://www.alltrails.com/trail/us/washington/second-beach-trail
WA_085,Third Beach Trail,Olympic National Park,"Olympic Peninsula, WA",Easy,2.8,1.5,200,4.6,"Beach, Ocean","Restrooms, Parking",Out & Back,"An easy hike to Third Beach with coastal forest and pristine ocean beach.",https://www.alltrails.com/trail/us/washington/third-beach-trail
WA_086,Shi Shi Beach Trail,Olympic National Park,"Olympic Peninsula, WA",Moderate,8.0,4.0,300,4.5,"Beach, Ocean","Restrooms, Parking",Out & Back,"A moderate hike to remote Shi Shi Beach with coastal terrain and ocean views.",https://www.alltrails.com/trail/us/washington/shi-shi-beach-trail
WA_087,Lake Crescent Trail,Olympic National Park,"Olympic Peninsula, WA",Easy,4.0,2.0,100,4.4,"Lake, Forest","Restrooms, Parking",Out & Back,"An easy lakeside trail with forest views and crystal-clear lake setting.",https://www.alltrails.com/trail/us/washington/lake-crescent-trail
WA_088,Lena Lake Trail,Olympic National Forest,"Olympic Peninsula, WA",Easy,6.0,3.0,400,4.3,"Lake, Forest","Restrooms, Parking",Out & Back,"An easy to moderate hike to Lena Lake with forest trail and mountain lake views.",https://www.alltrails.com/trail/us/washington/lena-lake-trail